Date,Children apprehended and placed in CBP custody*,Children in CBP custody,Children transferred out of CBP custody,Children in HHS Care,Children discharged from HHS Care,Total_System_Load,Net_Intake,Daily_Growth_Rate,7d_Rolling_HHS
2023-01-12,33.0,53.0,34.0,6566,436.0,6619.0,-402.0,,6566.0
2023-01-22,32.0,49.0,39.0,7122,227.0,7171.0,-188.0,8.339628342649942,6844.0
2023-01-23,32.0,50.0,39.0,7280,181.0,7330.0,-142.0,2.2172639799191263,6989.333333333333
2023-01-24,47.0,42.0,47.0,7433,175.0,7475.0,-128.0,1.9781718963165051,7100.25
2023-01-25,20.0,22.0,41.0,7538,180.0,7560.0,-139.0,1.1371237458194017,7187.8
2023-01-29,23.0,45.0,11.0,7472,303.0,7517.0,-292.0,-0.5687830687830742,7235.166666666667
2023-01-30,34.0,54.0,29.0,7743,196.0,7797.0,-167.0,3.7248902487694524,7307.714285714285
2023-01-31,26.0,36.0,36.0,7803,158.0,7839.0,-122.0,0.538668718737978,7484.428571428572
2023-02-01,25.0,32.0,27.0,7903,231.0,7935.0,-204.0,1.2246460007653948,7596.0
2023-02-02,15.0,13.0,23.0,7879,298.0,7892.0,-275.0,-0.5419029615627013,7681.571428571428
2023-02-05,16.0,18.0,15.0,7586,342.0,7604.0,-327.0,-3.6492650785605707,7703.428571428572
2023-02-06,11.0,22.0,12.0,7720,196.0,7742.0,-184.0,1.8148342977380327,7729.428571428572
2023-02-07,16.0,20.0,20.0,7855,200.0,7875.0,-180.0,1.7179023508137492,7784.142857142857
2023-02-08,93.0,196.0,169.0,7915,317.0,8111.0,-148.0,2.9968253968253977,7808.714285714285
2023-02-09,124.0,234.0,161.0,7908,353.0,8142.0,-192.0,0.3821970163974786,7823.714285714285
2023-02-12,92.0,203.0,173.0,7434,317.0,7637.0,-144.0,-6.202407270940801,7756.714285714285
2023-02-13,186.0,259.0,172.0,7483,244.0,7742.0,-72.0,1.3748854262144894,7700.142857142857
2023-02-14,154.0,225.0,220.0,7794,223.0,8019.0,-3.0,3.577886850942913,7729.857142857143
2023-02-15,91.0,199.0,172.0,7869,290.0,8068.0,-118.0,0.6110487591969083,7751.142857142857
2023-02-16,81.0,213.0,153.0,7793,361.0,8006.0,-208.0,-0.7684680218145723,7742.285714285715
2023-02-20,209.0,285.0,184.0,7817,209.0,8102.0,-25.0,1.1991006744941357,7728.285714285715
2023-02-21,184.0,314.0,217.0,7967,213.0,8281.0,4.0,2.209331029375461,7736.714285714285
2023-02-22,107.0,215.0,230.0,7978,232.0,8193.0,-2.0,-1.0626735901461126,7814.428571428572
2023-02-23,101.0,162.0,178.0,7914,386.0,8076.0,-208.0,-1.42804833394361,7876.0
2023-02-26,99.0,190.0,176.0,7609,323.0,7799.0,-147.0,-3.42991579990094,7849.571428571428
2023-02-27,167.0,239.0,166.0,7800,248.0,8039.0,-82.0,3.077317604821128,7839.714285714285
2023-02-28,115.0,216.0,169.0,7896,200.0,8112.0,-31.0,0.9080731434258027,7854.428571428572
2023-03-01,84.0,158.0,193.0,7930,307.0,8088.0,-114.0,-0.295857988165682,7870.571428571428
2023-03-02,130.0,227.0,192.0,7870,335.0,8097.0,-143.0,0.1112759643916883,7856.714285714285
2023-03-07,88.0,214.0,160.0,7859,259.0,8073.0,-99.0,-0.2964060763245624,7839.714285714285
2023-03-08,113.0,208.0,159.0,7885,291.0,8093.0,-132.0,0.24773937817414993,7835.571428571428
2023-03-09,174.0,285.0,150.0,7786,340.0,8071.0,-190.0,-0.27183986160880247,7860.857142857143
2023-03-13,104.0,230.0,206.0,7567,249.0,7797.0,-43.0,-3.3948705240986254,7827.571428571428
2023-03-14,147.0,276.0,214.0,7810,181.0,8086.0,33.0,3.70655380274465,7815.285714285715
2023-03-15,108.0,220.0,213.0,7915,286.0,8135.0,-73.0,0.6059856542171671,7813.142857142857
2023-03-16,180.0,280.0,146.0,7989,308.0,8269.0,-162.0,1.647203441917644,7830.142857142857
2023-03-19,134.0,294.0,186.0,7885,306.0,8179.0,-120.0,-1.0884024670455905,7833.857142857143
2023-03-20,202.0,313.0,158.0,7931,279.0,8244.0,-121.0,0.7947181807066883,7840.428571428572
2023-03-21,110.0,272.0,193.0,8050,221.0,8322.0,-28.0,0.9461426491994107,7878.142857142857
2023-03-22,166.0,277.0,229.0,8097,246.0,8374.0,-17.0,0.6248497957221932,7953.857142857143
2023-03-23,136.0,276.0,178.0,8102,331.0,8378.0,-153.0,0.04776689754000252,7995.571428571428
2023-03-26,87.0,246.0,173.0,7847,352.0,8093.0,-179.0,-3.4017665313917367,7985.857142857143
2023-03-27,84.0,171.0,157.0,7994,235.0,8165.0,-78.0,0.8896577289015273,7986.571428571428
2023-03-28,167.0,209.0,157.0,8079,223.0,8288.0,-66.0,1.5064298836497292,8014.285714285715
2023-03-29,109.0,245.0,159.0,8208,267.0,8453.0,-108.0,1.9908301158301223,8053.857142857143
2023-03-30,156.0,256.0,176.0,8158,359.0,8414.0,-183.0,-0.4613746598840618,8069.285714285715
2023-04-02,125.0,232.0,192.0,7981,304.0,8213.0,-112.0,-2.388875683384839,8052.714285714285
2023-04-03,118.0,139.0,168.0,8054,284.0,8193.0,-116.0,-0.24351637647631597,8045.857142857143
2023-04-04,142.0,235.0,139.0,8068,259.0,8303.0,-120.0,1.3426095447333086,8077.428571428572
2023-04-05,148.0,245.0,175.0,8175,260.0,8420.0,-85.0,1.4091292303986425,8103.285714285715
2023-04-06,119.0,219.0,210.0,8178,284.0,8397.0,-74.0,-0.2731591448931092,8117.428571428572
2023-04-09,105.0,210.0,149.0,7900,329.0,8110.0,-180.0,-3.4178873407169186,8073.428571428572
2023-04-10,143.0,203.0,163.0,7826,265.0,8029.0,-102.0,-0.998766954377317,8026.0
2023-04-11,119.0,209.0,152.0,7922,187.0,8131.0,-35.0,1.2703948187819059,8017.571428571428
2023-04-12,155.0,212.0,181.0,7876,283.0,8088.0,-102.0,-0.5288402410527637,7992.142857142857
2023-04-13,109.0,214.0,173.0,7795,370.0,8009.0,-197.0,-0.97675568743818,7953.142857142857
2023-04-16,191.0,283.0,192.0,7380,272.0,7663.0,-80.0,-4.320139842676984,7839.571428571428
2023-04-17,170.0,297.0,196.0,7344,248.0,7641.0,-52.0,-0.2870938274827095,7720.428571428572
2023-04-18,152.0,272.0,214.0,7376,234.0,7648.0,-20.0,0.0916110456746555,7645.571428571428
2023-04-19,239.0,367.0,224.0,7356,229.0,7723.0,-5.0,0.9806485355648542,7578.428571428572
2023-04-20,113.0,280.0,237.0,7490,320.0,7770.0,-83.0,0.6085717985238936,7516.714285714285
2023-04-23,196.0,306.0,187.0,7534,266.0,7840.0,-79.0,0.9009009009008917,7467.857142857143
2023-04-24,236.0,330.0,222.0,7796,213.0,8126.0,9.0,3.647959183673466,7468.0
2023-04-25,81.0,230.0,242.0,8017,202.0,8247.0,40.0,1.4890475018459304,7559.0
2023-04-26,118.0,245.0,160.0,8117,256.0,8362.0,-96.0,1.3944464653813604,7669.428571428572
2023-04-27,218.0,283.0,208.0,8159,310.0,8442.0,-102.0,0.9567089213107005,7781.285714285715
2023-04-30,132.0,243.0,183.0,8352,293.0,8595.0,-110.0,1.8123667377398789,7923.571428571428
2023-05-01,224.0,315.0,152.0,8492,237.0,8807.0,-85.0,2.4665503199534644,8066.714285714285
2023-05-02,167.0,326.0,213.0,8654,245.0,8980.0,-32.0,1.964346542522999,8226.714285714286
2023-05-03,209.0,353.0,232.0,8704,267.0,9057.0,-35.0,0.8574610244988845,8356.42857142857
2023-05-04,153.0,253.0,286.0,8790,332.0,9043.0,-46.0,-0.15457657060836683,8466.857142857143
2023-05-07,180.0,337.0,219.0,8485,375.0,8822.0,-156.0,-2.4438792436138446,8519.42857142857
2023-05-08,133.0,287.0,189.0,8590,261.0,8877.0,-72.0,0.6234413965087171,8581.0
2023-05-09,187.0,310.0,247.0,8606,250.0,8916.0,-3.0,0.4393376140588101,8617.285714285714
2023-05-10,168.0,285.0,210.0,8681,304.0,8966.0,-94.0,0.56078959174517,8644.285714285714
2023-05-11,269.0,412.0,204.0,8672,392.0,9084.0,-188.0,1.3160829801472262,8646.857142857143
2023-05-14,100.0,255.0,236.0,8445,288.0,8700.0,-52.0,-4.227212681638049,8609.857142857143
2023-05-15,205.0,294.0,177.0,8571,277.0,8865.0,-100.0,1.8965517241379404,8578.57142857143
2023-05-16,161.0,304.0,211.0,8572,272.0,8876.0,-61.0,0.12408347433727762,8591.0
2023-05-17,57.0,162.0,193.0,8569,307.0,8731.0,-114.0,-1.6336187471834185,8588.0
2023-05-18,80.0,122.0,152.0,8474,351.0,8596.0,-199.0,-1.5462146374985664,8569.142857142857
2023-05-21,107.0,170.0,133.0,7826,343.0,7996.0,-210.0,-6.979990693345739,8447.0
2023-05-22,99.0,156.0,139.0,7848,240.0,8004.0,-101.0,0.10005002501249916,8329.285714285714
2023-05-23,25.0,66.0,94.0,7788,246.0,7854.0,-152.0,-1.874062968515744,8235.42857142857
2023-05-24,35.0,70.0,53.0,7709,276.0,7779.0,-223.0,-0.9549274255156615,8112.285714285715
2023-05-25,43.0,73.0,64.0,7546,408.0,7619.0,-344.0,-2.056819642627583,7965.714285714285
2023-05-29,41.0,60.0,71.0,6996,207.0,7056.0,-136.0,-7.389421183882394,7741.0
2023-05-30,65.0,83.0,65.0,7046,168.0,7129.0,-103.0,1.0345804988662222,7537.0
2023-05-31,38.0,80.0,82.0,7053,210.0,7133.0,-128.0,0.05610885117126596,7426.571428571428
2023-06-01,56.0,82.0,68.0,7002,287.0,7084.0,-219.0,-0.6869479882237517,7305.714285714285
2023-06-04,74.0,103.0,80.0,6555,292.0,6658.0,-212.0,-6.013551665725581,7129.571428571428
2023-06-05,68.0,107.0,102.0,6523,189.0,6630.0,-87.0,-0.4205467107239458,6960.142857142857
2023-06-06,92.0,124.0,93.0,6508,187.0,6632.0,-94.0,0.030165912518853588,6811.857142857143
2023-06-07,113.0,162.0,107.0,6483,208.0,6645.0,-101.0,0.19601930036188264,6738.571428571428
2023-06-08,106.0,196.0,131.0,6446,255.0,6642.0,-124.0,-0.04514672686229959,6652.857142857143
2023-06-11,86.0,152.0,168.0,6007,238.0,6159.0,-70.0,-7.271906052393861,6503.428571428572
2023-06-12,84.0,118.0,136.0,6021,177.0,6139.0,-41.0,-0.32472804026627555,6363.285714285715
2023-06-13,59.0,64.0,117.0,6061,146.0,6125.0,-29.0,-0.22805017103763037,6292.714285714285
2023-06-14,62.0,97.0,52.0,6065,167.0,6162.0,-115.0,0.604081632653064,6227.285714285715
2023-06-15,91.0,75.0,97.0,6038,272.0,6113.0,-175.0,-0.7951963648166194,6160.142857142857
2023-06-19,29.0,51.0,11.0,5679,142.0,5730.0,-131.0,-6.265336168820546,6045.285714285715
2023-06-20,33.0,53.0,34.0,5904,134.0,5957.0,-100.0,3.961605584642225,5967.857142857143
2023-06-21,93.0,196.0,169.0,5922,149.0,6118.0,20.0,2.7027027027026973,5955.714285714285
2023-06-22,124.0,234.0,161.0,5956,207.0,6190.0,-46.0,1.1768551814318462,5946.428571428572
2023-06-25,92.0,203.0,173.0,5766,263.0,5969.0,-90.0,-3.5702746365104954,5904.285714285715
2023-06-26,186.0,259.0,172.0,5819,174.0,6078.0,-2.0,1.8261015245434775,5869.142857142857
2023-06-27,154.0,225.0,220.0,5917,155.0,6142.0,65.0,1.0529779532741035,5851.857142857143
2023-06-28,91.0,199.0,172.0,5999,174.0,6198.0,-2.0,0.9117551286226044,5897.571428571428
2023-06-29,81.0,213.0,153.0,6058,213.0,6271.0,-60.0,1.177799290093584,5919.571428571428
2023-07-02,209.0,285.0,184.0,5903,309.0,6188.0,-125.0,-1.3235528623823933,5916.857142857143
2023-07-04,184.0,314.0,217.0,6127,124.0,6441.0,93.0,4.088558500323214,5941.285714285715
2023-07-05,107.0,215.0,230.0,6193,167.0,6408.0,63.0,-0.5123428039124356,6002.285714285715
2023-07-06,101.0,162.0,178.0,6239,205.0,6401.0,-27.0,-0.10923845193507864,6062.285714285715
2023-07-09,99.0,190.0,176.0,6214,196.0,6404.0,-20.0,0.04686767692547722,6104.714285714285
2023-07-10,167.0,239.0,166.0,6346,163.0,6585.0,3.0,2.826358525921302,6154.285714285715
2023-07-11,115.0,216.0,169.0,6498,143.0,6714.0,26.0,1.9589977220956678,6217.142857142857
2023-07-12,84.0,158.0,193.0,6521,210.0,6679.0,-17.0,-0.5212987786714307,6305.428571428572
2023-07-13,130.0,227.0,192.0,6604,226.0,6831.0,-34.0,2.2757897888905587,6373.571428571428
2023-07-16,88.0,214.0,160.0,6468,218.0,6682.0,-58.0,-2.1812326160152273,6412.857142857143
2023-07-17,113.0,208.0,159.0,6632,160.0,6840.0,-1.0,2.3645615085303717,6469.0
2023-07-18,174.0,285.0,150.0,6874,181.0,7159.0,-31.0,4.66374269005847,6563.285714285715
2023-07-19,104.0,230.0,206.0,7001,226.0,7231.0,-20.0,1.005727056851513,6656.857142857143
2023-07-20,147.0,276.0,214.0,7116,281.0,7392.0,-67.0,2.2265246853823806,6745.142857142857
2023-07-23,108.0,220.0,213.0,7052,276.0,7272.0,-63.0,-1.6233766233766267,6821.0
2023-07-24,180.0,280.0,146.0,7220,187.0,7500.0,-41.0,3.1353135313531455,6909.0
2023-07-25,134.0,294.0,186.0,7510,136.0,7804.0,50.0,4.053333333333331,7057.857142857143
2023-07-26,202.0,313.0,158.0,7647,215.0,7960.0,-57.0,1.9989748846745314,7202.857142857143
2023-07-27,110.0,272.0,193.0,7754,259.0,8026.0,-66.0,0.8291457286432102,7328.571428571428
2023-07-30,166.0,277.0,229.0,7671,305.0,7948.0,-76.0,-0.9718415150759996,7424.285714285715
2023-07-31,136.0,276.0,178.0,7800,220.0,8076.0,-42.0,1.610468042274782,7522.0
2023-08-01,87.0,246.0,173.0,8103,168.0,8349.0,5.0,3.3803863298662806,7672.142857142857
2023-08-02,84.0,171.0,157.0,8261,271.0,8432.0,-114.0,0.9941310336567311,7820.857142857143
2023-08-03,167.0,209.0,157.0,8294,339.0,8503.0,-182.0,0.8420303605312984,7932.857142857143
2023-08-06,109.0,245.0,159.0,8298,322.0,8543.0,-163.0,0.4704222039280337,8025.857142857143
2023-08-07,156.0,256.0,176.0,8493,202.0,8749.0,-26.0,2.4113309141987616,8131.428571428572
2023-08-08,125.0,232.0,192.0,8725,207.0,8957.0,-15.0,2.3774145616641817,8282.0
2023-08-09,118.0,139.0,168.0,8888,251.0,9027.0,-83.0,0.7815116668527411,8437.42857142857
2023-08-10,142.0,235.0,139.0,8914,353.0,9149.0,-214.0,1.3515010523983628,8553.285714285714
2023-08-16,148.0,245.0,175.0,9634,288.0,9879.0,-113.0,7.979014099901627,8749.42857142857
2023-08-17,119.0,219.0,210.0,9694,407.0,9913.0,-197.0,0.34416438910820357,8949.42857142857
2023-08-20,105.0,210.0,149.0,9483,390.0,9693.0,-241.0,-2.219307979420959,9118.714285714286
2023-08-21,143.0,203.0,163.0,9668,281.0,9871.0,-118.0,1.8363767667388897,9286.57142857143
2023-08-22,119.0,209.0,152.0,9921,230.0,10130.0,-78.0,2.623847634484844,9457.42857142857
2023-08-23,155.0,212.0,181.0,10071,285.0,10283.0,-104.0,1.5103652517275412,9626.42857142857
2023-08-24,109.0,214.0,173.0,10026,443.0,10240.0,-270.0,-0.41816590489156535,9785.285714285714
2023-08-27,191.0,283.0,192.0,9873,488.0,10156.0,-296.0,-0.8203124999999978,9819.42857142857
2023-08-28,170.0,297.0,196.0,10012,388.0,10309.0,-192.0,1.5064986215045373,9864.857142857143
2023-08-29,152.0,272.0,214.0,10180,286.0,10452.0,-72.0,1.387137452711218,9964.42857142857
2023-08-30,239.0,367.0,224.0,10280,366.0,10647.0,-142.0,1.8656716417910557,10051.857142857143
2023-08-31,113.0,280.0,237.0,10140,505.0,10420.0,-268.0,-2.1320559782098236,10083.142857142857
2023-09-04,196.0,306.0,187.0,9988,293.0,10294.0,-106.0,-1.2092130518234212,10071.285714285714
2023-09-05,236.0,330.0,222.0,10142,243.0,10472.0,-21.0,1.7291626190013565,10087.857142857143
2023-09-06,81.0,230.0,242.0,10356,291.0,10586.0,-49.0,1.0886172650878434,10156.857142857143
2023-09-07,118.0,245.0,160.0,10419,398.0,10664.0,-238.0,0.7368222180238027,10215.0
2023-09-10,218.0,283.0,208.0,10282,382.0,10565.0,-174.0,-0.9283570892723136,10229.57142857143
2023-09-11,132.0,243.0,183.0,10492,277.0,10735.0,-94.0,1.6090866067203002,10259.857142857143
2023-09-12,224.0,315.0,152.0,10649,316.0,10964.0,-164.0,2.133209129017244,10332.57142857143
2023-09-13,167.0,326.0,213.0,10678,343.0,11004.0,-130.0,0.36483035388543694,10431.142857142857
2023-09-14,209.0,353.0,232.0,10837,414.0,11190.0,-182.0,1.6902944383860419,10530.42857142857
2023-09-17,153.0,253.0,286.0,10799,427.0,11052.0,-141.0,-1.2332439678284235,10593.714285714286
2023-09-18,180.0,337.0,219.0,10892,313.0,11229.0,-94.0,1.601520086862096,10661.285714285714
2023-09-19,133.0,287.0,189.0,11095,260.0,11382.0,-71.0,1.362543414373496,10777.42857142857
2023-09-20,187.0,310.0,247.0,11064,364.0,11374.0,-117.0,-0.07028641714988959,10859.142857142857
2023-09-21,168.0,285.0,210.0,11067,428.0,11352.0,-218.0,-0.19342359767892114,10918.857142857143
2023-09-24,269.0,412.0,204.0,10744,403.0,11156.0,-199.0,-1.7265680056377741,10928.285714285714
2023-09-25,100.0,255.0,236.0,10842,284.0,11097.0,-48.0,-0.5288633918967389,10929.0
2023-09-26,205.0,294.0,177.0,10978,332.0,11272.0,-155.0,1.5770027935477993,10954.57142857143
2023-09-27,161.0,304.0,211.0,11017,331.0,11321.0,-120.0,0.434705464868701,10972.42857142857
2023-09-28,57.0,162.0,193.0,10984,447.0,11146.0,-254.0,-1.545799841003448,10956.57142857143
2023-10-01,80.0,122.0,152.0,10598,493.0,10720.0,-341.0,-3.8219989233805873,10890.0
2023-10-02,107.0,170.0,133.0,10724,284.0,10894.0,-151.0,1.6231343283582111,10841.0
2023-10-03,99.0,156.0,139.0,10818,287.0,10974.0,-148.0,0.7343491830365423,10851.57142857143
2023-10-04,25.0,66.0,94.0,10963,330.0,11029.0,-236.0,0.5011846181884438,10868.857142857143
2023-10-05,35.0,70.0,53.0,11130,427.0,11200.0,-374.0,1.5504578837610028,10890.57142857143
2023-10-09,43.0,73.0,64.0,10815,282.0,10888.0,-218.0,-2.7857142857142803,10861.714285714286
2023-10-10,41.0,60.0,71.0,10910,257.0,10970.0,-186.0,0.7531227038942045,10851.142857142857
2023-10-11,65.0,83.0,65.0,10960,266.0,11043.0,-201.0,0.6654512306289773,10902.857142857143
2023-10-12,38.0,80.0,82.0,10992,398.0,11072.0,-316.0,0.2626097980621189,10941.142857142857
2023-10-15,56.0,82.0,68.0,10571,434.0,10653.0,-366.0,-3.7843208092485536,10905.857142857143
2023-10-16,74.0,103.0,80.0,10629,331.0,10732.0,-251.0,0.7415751431521622,10858.142857142857
2023-10-17,68.0,107.0,102.0,10630,315.0,10737.0,-213.0,0.04658963846440045,10786.714285714286
2023-10-18,92.0,124.0,93.0,10511,393.0,10635.0,-300.0,-0.9499860296172113,10743.285714285714
2023-10-19,113.0,162.0,107.0,10319,406.0,10481.0,-299.0,-1.4480488951574944,10658.857142857143
2023-10-22,106.0,196.0,131.0,9506,454.0,9702.0,-323.0,-7.432496899150842,10451.142857142857
2023-10-23,86.0,152.0,168.0,9436,327.0,9588.0,-159.0,-1.1750154607297447,10228.857142857143
2023-10-24,84.0,118.0,136.0,9396,300.0,9514.0,-164.0,-0.7717980809345049,10061.0
2023-10-25,59.0,64.0,117.0,9351,293.0,9415.0,-176.0,-1.0405717889426125,9878.42857142857
2023-10-26,62.0,97.0,52.0,9235,390.0,9332.0,-338.0,-0.8815719596388716,9679.142857142857
2023-10-29,91.0,75.0,97.0,8925,418.0,9000.0,-321.0,-3.557651093013292,9452.57142857143
2023-10-30,29.0,51.0,11.0,9026,278.0,9077.0,-267.0,0.855555555555565,9267.857142857143
2023-10-31,33.0,53.0,34.0,9072,295.0,9125.0,-261.0,0.5288090778891696,9205.857142857143
2023-11-01,132.0,235.0,197.0,9250,279.0,9485.0,-82.0,3.945205479452052,9179.285714285714
2023-11-02,174.0,208.0,256.0,9442,330.0,9650.0,-74.0,1.7395888244596813,9185.857142857143
2023-11-05,123.0,230.0,167.0,9273,370.0,9503.0,-203.0,-1.523316062176161,9174.714285714286
2023-11-06,123.0,233.0,159.0,9286,316.0,9519.0,-157.0,0.1683678838261704,9182.0
2023-11-07,141.0,232.0,188.0,9483,231.0,9715.0,-43.0,2.0590398151066225,9261.714285714286
2023-11-08,158.0,226.0,191.0,9634,310.0,9860.0,-119.0,1.4925373134328401,9348.57142857143
2023-11-12,96.0,160.0,233.0,9477,313.0,9637.0,-80.0,-2.2616632860040564,9406.42857142857
2023-11-13,141.0,173.0,129.0,9510,287.0,9683.0,-158.0,0.4773269689737569,9443.57142857143
2023-11-14,116.0,181.0,182.0,9665,247.0,9846.0,-65.0,1.6833625942373143,9475.42857142857
2023-11-15,150.0,157.0,201.0,9762,316.0,9919.0,-115.0,0.7414178346536682,9545.285714285714
2023-11-16,80.0,176.0,125.0,9762,374.0,9938.0,-249.0,0.191551567698367,9613.285714285714
2023-11-19,116.0,188.0,164.0,9573,435.0,9761.0,-271.0,-1.7810424632722865,9626.142857142857
2023-11-20,105.0,185.0,158.0,9638,298.0,9823.0,-140.0,0.635180821637138,9626.714285714286
2023-11-21,136.0,246.0,123.0,9804,250.0,10050.0,-127.0,2.310902982795482,9673.42857142857
2023-11-23,128.0,228.0,177.0,9838,283.0,10066.0,-106.0,0.1592039800994982,9720.285714285714
2023-11-26,90.0,196.0,205.0,9845,312.0,10041.0,-107.0,-0.24836081859725967,9746.0
2023-11-27,56.0,82.0,68.0,10123,214.0,10205.0,-146.0,1.6333034558311033,9797.57142857143
2023-11-28,74.0,103.0,80.0,10223,223.0,10326.0,-143.0,1.185693287604117,9863.42857142857
2023-11-29,68.0,107.0,102.0,10398,284.0,10505.0,-182.0,1.73348828200659,9981.285714285714
2023-11-30,92.0,124.0,93.0,10536,320.0,10660.0,-227.0,1.47548786292242,10109.57142857143
2023-12-03,132.0,235.0,197.0,10579,417.0,10814.0,-220.0,1.4446529080675452,10220.285714285714
2023-12-04,174.0,208.0,256.0,10635,273.0,10843.0,-17.0,0.2681708895875712,10334.142857142857
2023-12-05,123.0,230.0,167.0,10761,261.0,10991.0,-94.0,1.364935903347786,10465.0
2023-12-06,123.0,233.0,159.0,10832,376.0,11065.0,-217.0,0.6732781366572738,10566.285714285714
2023-12-07,141.0,232.0,188.0,10897,466.0,11129.0,-278.0,0.5784003615002309,10662.57142857143
2023-12-10,158.0,226.0,191.0,10871,411.0,11097.0,-220.0,-0.2875370653248277,10730.142857142857
2023-12-11,96.0,160.0,233.0,10998,304.0,11158.0,-71.0,0.5496981166080994,10796.142857142857
2023-12-12,141.0,173.0,129.0,11077,259.0,11250.0,-130.0,0.8245205233912811,10867.285714285714
2023-12-13,116.0,181.0,182.0,11192,335.0,11373.0,-153.0,1.093333333333324,10946.857142857143
2023-12-14,150.0,157.0,201.0,11242,396.0,11399.0,-195.0,0.2286116240218128,11015.57142857143
2023-12-17,80.0,176.0,125.0,11092,456.0,11268.0,-331.0,-1.149223616106676,11052.714285714286
2023-12-18,116.0,188.0,164.0,11149,364.0,11337.0,-200.0,0.6123535676251235,11088.714285714286
2023-12-19,105.0,185.0,158.0,11291,272.0,11476.0,-114.0,1.2260739172620605,11148.714285714286
2023-12-20,136.0,246.0,123.0,11516,390.0,11762.0,-267.0,2.492157546183349,11222.714285714286
2023-12-21,128.0,228.0,177.0,11375,497.0,11603.0,-320.0,-1.3518109165107983,11265.285714285714
2023-12-25,90.0,196.0,205.0,11144,347.0,11340.0,-142.0,-2.266655175385679,11258.42857142857
2023-12-26,56.0,82.0,68.0,11217,288.0,11299.0,-220.0,-0.36155202821869237,11254.857142857143
2023-12-27,74.0,103.0,80.0,11206,335.0,11309.0,-255.0,0.08850340738117968,11271.142857142857
2023-12-28,68.0,107.0,102.0,11230,357.0,11337.0,-255.0,0.2475904147139385,11282.714285714286
2024-01-01,92.0,124.0,93.0,10870,290.0,10994.0,-197.0,-3.0254917526682523,11222.57142857143
2024-01-02,113.0,162.0,107.0,10770,316.0,10932.0,-209.0,-0.5639439694378745,11116.0
2024-01-03,106.0,196.0,131.0,10718,263.0,10914.0,-132.0,-0.16465422612513825,11022.142857142857
2024-01-04,86.0,152.0,168.0,10558,362.0,10710.0,-194.0,-1.869158878504673,10938.42857142857
2024-01-07,84.0,118.0,136.0,9670,367.0,9788.0,-231.0,-8.608776844070965,10717.42857142857
2024-01-08,59.0,64.0,117.0,9670,367.0,9734.0,-250.0,-0.5516959542296695,10498.0
2024-01-09,62.0,97.0,52.0,9311,286.0,9408.0,-234.0,-3.3490856790630796,10223.857142857143
2024-01-10,91.0,75.0,97.0,9144,349.0,9219.0,-252.0,-2.00892857142857,9977.285714285714
2024-01-11,29.0,51.0,11.0,8829,476.0,8880.0,-465.0,-3.6771884152294154,9700.0
2024-01-15,33.0,53.0,34.0,8033,234.0,8086.0,-200.0,-8.941441441441444,9316.42857142857
2024-01-16,32.0,49.0,39.0,8133,188.0,8182.0,-149.0,1.187237200098945,8970.0
2024-01-17,80.0,176.0,125.0,8072,353.0,8248.0,-228.0,0.8066487411390932,8741.714285714286
2024-01-18,116.0,188.0,164.0,8042,359.0,8230.0,-195.0,-0.21823472356935492,8509.142857142857
2024-01-21,105.0,185.0,158.0,7974,371.0,8159.0,-213.0,-0.8626974483596617,8318.142857142857
2024-01-22,136.0,246.0,123.0,8008,222.0,8254.0,-99.0,1.164358377252106,8155.857142857143
2024-01-23,128.0,228.0,177.0,8133,202.0,8361.0,-25.0,1.296341167918591,8056.428571428572
2024-01-24,90.0,196.0,205.0,8212,243.0,8408.0,-38.0,0.5621337160626627,8082.0
2024-01-25,102.0,189.0,155.0,8180,293.0,8369.0,-138.0,-0.4638439581351128,8088.714285714285
2024-01-28,120.0,257.0,126.0,8004,307.0,8261.0,-181.0,-1.2904767594694722,8079.0
2024-01-29,137.0,272.0,166.0,8057,195.0,8329.0,-29.0,0.8231448977121358,8081.142857142857
2024-01-30,93.0,198.0,208.0,8182,187.0,8380.0,21.0,0.6123184055708997,8110.857142857143
2024-01-31,203.0,477.0,258.0,8153,266.0,8630.0,-8.0,2.9832935560859086,8131.571428571428
2024-02-01,222.0,459.0,289.0,8026,337.0,8485.0,-48.0,-1.6801853997682525,8116.285714285715
2024-02-04,253.0,531.0,248.0,7813,342.0,8344.0,-94.0,-1.6617560400707165,8059.285714285715
2024-02-05,157.0,466.0,345.0,7872,242.0,8338.0,103.0,-0.07190795781399917,8015.285714285715
2024-02-06,291.0,455.0,323.0,8045,178.0,8500.0,145.0,1.9429119692971897,8021.142857142857
2024-02-07,227.0,453.0,330.0,8160,222.0,8613.0,108.0,1.32941176470589,8035.857142857143
2024-02-08,298.0,499.0,358.0,8188,315.0,8687.0,43.0,0.8591663764077495,8036.714285714285
2024-02-11,205.0,515.0,226.0,8056,347.0,8571.0,-121.0,-1.3353286520087493,8022.857142857143
2024-02-12,213.0,430.0,440.0,8092,234.0,8522.0,206.0,-0.5716952514292384,8032.285714285715
2024-02-13,227.0,369.0,349.0,8348,160.0,8717.0,189.0,2.2881952593287957,8108.714285714285
2024-02-14,185.0,322.0,272.0,8512,230.0,8834.0,42.0,1.3422048870024073,8200.142857142857
2024-02-15,333.0,508.0,272.0,8463,312.0,8971.0,-40.0,1.5508263527280963,8259.857142857143
2024-02-19,249.0,420.0,371.0,8380,218.0,8800.0,153.0,-1.9061420131535,8291.285714285714
2024-02-20,149.0,395.0,273.0,8488,192.0,8883.0,81.0,0.9431818181818263,8334.142857142857
2024-02-21,232.0,430.0,318.0,8573,231.0,9003.0,87.0,1.3508949679162496,8408.0
2024-02-22,165.0,400.0,292.0,8607,293.0,9007.0,-1.0,0.04442963456625648,8481.57142857143
2024-02-25,244.0,482.0,366.0,8404,329.0,8886.0,37.0,-1.3433995781059194,8489.57142857143
2024-02-26,199.0,438.0,326.0,8404,329.0,8842.0,-3.0,-0.4951609273013746,8474.142857142857
2024-02-27,197.0,369.0,306.0,8650,206.0,9019.0,100.0,2.0018095453517404,8500.857142857143
2024-02-28,209.0,447.0,274.0,8699,257.0,9146.0,17.0,1.4081383745426335,8546.42857142857
2024-02-29,262.0,444.0,354.0,8724,299.0,9168.0,55.0,0.2405423135797058,8580.142857142857
2024-03-03,236.0,468.0,347.0,8594,354.0,9062.0,-7.0,-1.1561954624781823,8583.142857142857
2024-03-04,225.0,509.0,340.0,8660,229.0,9169.0,111.0,1.1807548002648494,8590.714285714286
2024-03-05,246.0,472.0,345.0,8800,214.0,9272.0,131.0,1.12335041989311,8647.285714285714
2024-03-06,230.0,457.0,277.0,8870,232.0,9327.0,45.0,0.5931837791199213,8713.857142857143
2024-03-07,181.0,424.0,328.0,8902,305.0,9326.0,23.0,-0.010721561059290341,8749.857142857143
2024-03-10,190.0,368.0,326.0,8714,373.0,9082.0,-47.0,-2.6163414111087246,8752.0
2024-03-11,178.0,336.0,290.0,8757,253.0,9093.0,37.0,0.12111869632238648,8756.714285714286
2024-03-12,154.0,294.0,290.0,8843,213.0,9137.0,77.0,0.4838887055977015,8792.285714285714
2024-03-13,165.0,358.0,167.0,8819,239.0,9177.0,-72.0,0.43778045310276514,8815.0
2024-03-14,166.0,301.0,252.0,8695,310.0,8996.0,-58.0,-1.9723221096218824,8800.0
2024-03-17,127.0,260.0,259.0,8373,342.0,8633.0,-83.0,-4.035126722987991,8729.0
2024-03-18,123.0,243.0,188.0,8333,283.0,8576.0,-95.0,-0.6602571527858259,8647.714285714286
2024-03-19,99.0,202.0,256.0,8390,197.0,8592.0,59.0,0.1865671641791078,8601.42857142857
2024-03-20,91.0,181.0,174.0,8365,227.0,8546.0,-53.0,-0.5353817504655467,8545.42857142857
2024-03-21,132.0,261.0,141.0,8292,235.0,8553.0,-94.0,0.08190966534051825,8466.714285714286
2024-03-24,124.0,264.0,221.0,7899,373.0,8163.0,-152.0,-4.559803577692034,8335.285714285714
2024-03-25,128.0,242.0,224.0,7899,229.0,8141.0,-5.0,-0.26950875903466454,8221.57142857143
2024-03-26,187.0,276.0,200.0,7919,208.0,8195.0,-8.0,0.6633091757769272,8156.714285714285
2024-03-27,129.0,287.0,185.0,7893,215.0,8180.0,-30.0,-0.18303843807199183,8093.857142857143
2024-03-28,161.0,288.0,248.0,7762,360.0,8050.0,-112.0,-1.58924205378973,8004.142857142857
2024-03-31,105.0,254.0,151.0,7257,287.0,7511.0,-136.0,-6.695652173913047,7845.857142857143
2024-04-01,109.0,235.0,171.0,7271,172.0,7506.0,-1.0,-0.06656903208627218,7700.0
2024-04-02,101.0,230.0,175.0,7340,132.0,7570.0,43.0,0.8526512123634422,7620.142857142857
2024-04-03,124.0,230.0,190.0,7346,163.0,7576.0,27.0,0.07926023778070945,7541.142857142857
2024-04-04,95.0,226.0,152.0,7317,225.0,7543.0,-73.0,-0.4355860612460405,7455.142857142857
2024-04-07,106.0,239.0,233.0,6982,279.0,7221.0,-46.0,-4.268858544345755,7325.0
2024-04-08,102.0,230.0,167.0,6988,199.0,7218.0,-32.0,-0.041545492314087884,7214.428571428572
2024-04-09,118.0,231.0,217.0,7043,130.0,7274.0,87.0,0.775838182321964,7183.857142857143
2024-04-10,117.0,244.0,142.0,6999,227.0,7243.0,-85.0,-0.42617541930162206,7145.0
2024-04-11,183.0,221.0,220.0,6912,285.0,7133.0,-65.0,-1.518707717796497,7083.857142857143
2024-04-14,128.0,245.0,243.0,6630,290.0,6875.0,-47.0,-3.6169914481985144,6981.571428571428
2024-04-15,144.0,303.0,176.0,6681,191.0,6984.0,-15.0,1.5854545454545566,6890.714285714285
2024-04-16,219.0,392.0,205.0,6685,163.0,7077.0,42.0,1.3316151202749094,6848.285714285715
2024-04-17,182.0,371.0,274.0,6725,227.0,7096.0,47.0,0.2684753426593245,6810.714285714285
2024-04-18,144.0,322.0,258.0,6728,260.0,7050.0,-2.0,-0.6482525366403591,6765.714285714285
2024-04-21,208.0,380.0,343.0,6745,240.0,7125.0,103.0,1.0638297872340496,6729.428571428572
2024-04-22,176.0,424.0,251.0,6799,214.0,7223.0,37.0,1.3754385964912297,6713.285714285715
2024-04-23,252.0,427.0,307.0,6967,134.0,7394.0,173.0,2.367437352900459,6761.428571428572
2024-04-24,253.0,411.0,307.0,7128,154.0,7539.0,153.0,1.9610494995942584,6825.285714285715
2024-04-25,145.0,357.0,333.0,7209,217.0,7566.0,116.0,0.35813768404298063,6900.142857142857
2024-04-28,158.0,349.0,365.0,7298,250.0,7647.0,115.0,1.0705789056304482,6982.0
2024-04-29,140.0,292.0,255.0,7373,187.0,7665.0,68.0,0.23538642604943316,7074.142857142857
2024-04-30,220.0,443.0,194.0,7431,135.0,7874.0,59.0,2.726679712981084,7172.142857142857
2024-05-01,197.0,437.0,295.0,7508,190.0,7945.0,105.0,0.9017018034036095,7273.428571428572
2024-05-02,206.0,411.0,293.0,7577,194.0,7988.0,99.0,0.5412208936437901,7360.571428571428
2024-05-05,150.0,315.0,228.0,7447,332.0,7762.0,-104.0,-2.829243865798703,7406.142857142857
2024-05-06,173.0,337.0,211.0,7449,205.0,7786.0,6.0,0.30919866013914277,7440.428571428572
2024-05-07,176.0,334.0,246.0,7566,163.0,7900.0,83.0,1.4641664526072518,7478.714285714285
2024-05-08,167.0,374.0,205.0,7583,202.0,7957.0,3.0,0.7215189873417627,7508.714285714285
2024-05-09,138.0,285.0,268.0,7570,244.0,7855.0,24.0,-1.2818901596078902,7528.571428571428
2024-05-12,138.0,301.0,263.0,7464,245.0,7765.0,18.0,-1.145767027371103,7522.285714285715
2024-05-13,112.0,331.0,167.0,7499,157.0,7830.0,10.0,0.8370895041854398,7511.142857142857
2024-05-14,246.0,419.0,218.0,7546,186.0,7965.0,32.0,1.724137931034475,7525.285714285715
2024-05-15,115.0,285.0,341.0,7589,265.0,7874.0,76.0,-1.1424984306340202,7545.285714285715
2024-05-16,206.0,340.0,214.0,7565,234.0,7905.0,-20.0,0.3937007874015741,7545.142857142857
2024-05-19,143.0,295.0,278.0,7356,298.0,7651.0,-20.0,-3.2131562302340266,7512.714285714285
2024-05-20,111.0,268.0,217.0,7368,192.0,7636.0,25.0,-0.19605280355509125,7483.857142857143
2024-05-21,196.0,348.0,176.0,7404,145.0,7752.0,31.0,1.5191199580932402,7475.285714285715
2024-05-22,168.0,349.0,272.0,7474,208.0,7823.0,64.0,0.9158926728586092,7471.714285714285
2024-05-23,193.0,272.0,314.0,7494,227.0,7766.0,87.0,-0.7286207337338646,7464.285714285715
2024-05-27,156.0,344.0,252.0,7365,167.0,7709.0,85.0,-0.7339685809940821,7432.285714285715
2024-05-28,153.0,348.0,239.0,7418,151.0,7766.0,88.0,0.7393955117395157,7411.285714285715
2024-05-29,182.0,462.0,158.0,7491,141.0,7953.0,17.0,2.4079320113314484,7430.571428571428
2024-05-30,167.0,406.0,339.0,7563,190.0,7969.0,149.0,0.20118194392053645,7458.428571428572
2024-06-02,159.0,330.0,322.0,7546,306.0,7876.0,16.0,-1.1670222110678918,7478.714285714285
2024-06-03,109.0,244.0,257.0,7596,224.0,7840.0,33.0,-0.45708481462671813,7496.142857142857
2024-06-04,260.0,356.0,176.0,7565,203.0,7921.0,-27.0,1.033163265306114,7506.285714285715
2024-06-05,173.0,345.0,291.0,7691,198.0,8036.0,93.0,1.4518368892816547,7552.857142857143
2024-06-06,179.0,326.0,282.0,7741,238.0,8067.0,44.0,0.3857640617222602,7599.0
2024-06-09,116.0,289.0,166.0,7451,312.0,7740.0,-146.0,-4.0535515061361105,7593.285714285715
2024-06-10,184.0,334.0,229.0,7439,212.0,7773.0,17.0,0.426356589147292,7575.571428571428
2024-06-11,186.0,352.0,224.0,7493,156.0,7845.0,68.0,0.9262832883056626,7568.0
2024-06-12,152.0,266.0,274.0,7548,212.0,7814.0,62.0,-0.39515615041427754,7561.142857142857
2024-06-13,167.0,293.0,230.0,7544,259.0,7837.0,-29.0,0.2943434860506855,7558.142857142857
2024-06-16,204.0,315.0,233.0,7307,294.0,7622.0,-61.0,-2.7433967079239507,7503.285714285715
2024-06-17,159.0,310.0,272.0,7318,224.0,7628.0,48.0,0.07871949619522312,7442.857142857143
2024-06-18,160.0,297.0,253.0,7340,214.0,7637.0,39.0,0.11798636601991763,7427.0
2024-06-19,204.0,321.0,246.0,7433,198.0,7754.0,48.0,1.5320151892104228,7426.142857142857
2024-06-20,145.0,247.0,243.0,7431,235.0,7678.0,8.0,-0.9801392829507316,7417.285714285715
2024-06-23,102.0,227.0,201.0,7247,294.0,7474.0,-93.0,-2.6569419119562343,7374.285714285715
2024-06-24,116.0,175.0,172.0,7239,202.0,7414.0,-30.0,-0.8027829810008047,7330.714285714285
2024-06-25,172.0,263.0,191.0,7239,202.0,7502.0,-11.0,1.1869436201780381,7321.0
2024-06-26,132.0,235.0,197.0,7268,187.0,7503.0,10.0,0.013329778725679198,7313.857142857143
2024-06-27,174.0,208.0,256.0,7248,268.0,7456.0,-12.0,-0.6264161002265789,7300.714285714285
2024-06-30,123.0,230.0,167.0,6874,273.0,7104.0,-106.0,-4.72103004291845,7220.857142857143
2024-07-01,123.0,233.0,159.0,6825,229.0,7058.0,-70.0,-0.6475225225225256,7134.285714285715
2024-07-02,141.0,232.0,188.0,6823,184.0,7055.0,4.0,-0.042504958911870894,7073.714285714285
2024-07-04,158.0,226.0,191.0,6790,225.0,7016.0,-34.0,-0.5527994330262187,7009.571428571428
2024-07-07,96.0,160.0,233.0,6599,213.0,6759.0,20.0,-3.6630558722919093,6918.142857142857
2024-07-08,141.0,173.0,129.0,6617,123.0,6790.0,6.0,0.458647728953987,6825.142857142857
2024-07-09,116.0,181.0,182.0,6651,130.0,6832.0,52.0,0.6185567010309256,6739.857142857143
2024-07-10,150.0,157.0,201.0,6649,177.0,6806.0,24.0,-0.38056206088993294,6707.714285714285
2024-07-11,80.0,176.0,125.0,6640,197.0,6816.0,-72.0,0.1469291801351691,6681.285714285715
2024-07-14,116.0,188.0,164.0,6308,237.0,6496.0,-73.0,-4.694835680751175,6607.714285714285
2024-07-15,105.0,185.0,158.0,6283,171.0,6468.0,-13.0,-0.4310344827586188,6535.285714285715
2024-07-16,136.0,246.0,123.0,6239,173.0,6485.0,-50.0,0.26283240568953925,6483.857142857143
2024-07-17,128.0,228.0,177.0,6228,187.0,6456.0,-10.0,-0.44718581341557373,6428.285714285715
2024-07-21,90.0,196.0,205.0,6058,262.0,6254.0,-57.0,-3.1288723667905805,6343.571428571428
2024-07-22,102.0,189.0,155.0,6002,234.0,6191.0,-79.0,-1.0073552926127327,6251.142857142857
2024-07-23,120.0,257.0,126.0,5965,170.0,6222.0,-44.0,0.500726861573253,6154.714285714285
2024-07-24,137.0,272.0,166.0,5927,177.0,6199.0,-11.0,-0.3696560591449738,6100.285714285715
2024-07-25,93.0,198.0,208.0,5954,194.0,6152.0,14.0,-0.7581868043232798,6053.285714285715
2024-07-28,152.0,290.0,199.0,5743,207.0,6033.0,-8.0,-1.934330299089726,5982.428571428572
2024-07-29,114.0,210.0,219.0,5819,163.0,6029.0,56.0,-0.06630200563566557,5924.0
2024-07-30,125.0,203.0,208.0,5930,92.0,6133.0,116.0,1.724995853375355,5905.714285714285
2024-07-31,140.0,261.0,163.0,5963,154.0,6224.0,9.0,1.4837762921897868,5900.142857142857
2024-08-01,227.0,298.0,212.0,6016,169.0,6314.0,43.0,1.4460154241645151,5907.428571428572
2024-08-04,63.0,167.0,143.0,5943,170.0,6110.0,-27.0,-3.230915426037373,5909.714285714285
2024-08-05,172.0,259.0,138.0,5950,150.0,6209.0,-12.0,1.6202945990180018,5909.142857142857
2024-08-06,163.0,283.0,200.0,5998,143.0,6281.0,57.0,1.1596070220647459,5945.571428571428
2024-08-07,135.0,273.0,207.0,6038,174.0,6311.0,33.0,0.4776309504855858,5976.857142857143
2024-08-08,119.0,230.0,213.0,6084,174.0,6314.0,39.0,0.04753604816987167,5998.857142857143
2024-08-11,95.0,211.0,140.0,5894,249.0,6105.0,-109.0,-3.3101045296167197,5989.0
2024-08-12,109.0,219.0,155.0,5903,148.0,6122.0,7.0,0.27846027846027965,5972.857142857143
2024-08-13,162.0,239.0,189.0,5981,123.0,6220.0,66.0,1.6007840574975507,5978.285714285715
2024-08-14,109.0,226.0,191.0,5987,178.0,6213.0,13.0,-0.11254019292604722,5983.571428571428
2024-08-15,124.0,241.0,156.0,5895,220.0,6136.0,-64.0,-1.2393368742958266,5968.857142857143
2024-08-18,86.0,244.0,235.0,5821,178.0,6065.0,57.0,-1.1571056062581464,5937.857142857143
2024-08-19,176.0,254.0,162.0,5865,158.0,6119.0,4.0,0.8903544929925733,5906.571428571428
2024-08-20,136.0,274.0,245.0,5995,112.0,6269.0,133.0,2.45138094459878,5921.0
2024-08-21,134.0,245.0,167.0,6028,156.0,6273.0,11.0,0.06380602966979954,5938.857142857143
2024-08-22,182.0,307.0,205.0,6054,171.0,6361.0,34.0,1.4028375577873398,5949.285714285715
2024-08-27,149.0,285.0,222.0,6152,97.0,6437.0,125.0,1.1947806948592987,5972.857142857143
2024-08-28,170.0,285.0,178.0,6227,134.0,6512.0,44.0,1.1651390399254336,6020.285714285715
2024-08-29,145.0,295.0,188.0,6250,169.0,6545.0,19.0,0.5067567567567544,6081.571428571428
2024-09-02,133.0,270.0,198.0,6192,129.0,6462.0,69.0,-1.268143621084794,6128.285714285715
2024-09-03,131.0,263.0,177.0,6272,112.0,6535.0,65.0,1.1296812132466805,6167.857142857143
2024-09-04,121.0,231.0,219.0,6375,114.0,6606.0,105.0,1.0864575363427775,6217.428571428572
2024-09-05,126.0,230.0,175.0,6448,121.0,6678.0,54.0,1.089918256130784,6273.714285714285
2024-09-08,123.0,255.0,164.0,6312,221.0,6567.0,-57.0,-1.6621743036837389,6296.571428571428
2024-09-09,144.0,275.0,190.0,6353,141.0,6628.0,49.0,0.928886858535094,6314.571428571428
2024-09-10,131.0,251.0,180.0,6396,148.0,6647.0,32.0,0.28666264333132574,6335.428571428572
2024-09-11,93.0,248.0,175.0,6410,162.0,6658.0,13.0,0.16548819016097838,6366.571428571428
2024-09-12,184.0,280.0,210.0,6360,220.0,6640.0,-10.0,-0.270351456893958,6379.142857142857
2024-09-13,81.0,200.0,212.0,6326,279.0,6526.0,-67.0,-1.7168674698795128,6372.142857142857
2024-09-15,98.0,220.0,167.0,6234,210.0,6454.0,-43.0,-1.1032791909285966,6341.571428571428
2024-09-16,113.0,209.0,160.0,6229,164.0,6438.0,-4.0,-0.24790827393864623,6329.714285714285
2024-09-17,159.0,304.0,139.0,6227,160.0,6531.0,-21.0,1.4445479962721386,6311.714285714285
2024-09-18,116.0,213.0,217.0,6245,149.0,6458.0,68.0,-1.1177461338233052,6290.142857142857
2024-09-19,93.0,196.0,169.0,6270,188.0,6466.0,-19.0,0.12387736141219463,6270.142857142857
2024-09-22,124.0,234.0,161.0,5989,197.0,6223.0,-36.0,-3.7581193937519353,6217.142857142857
2024-09-23,92.0,203.0,173.0,6002,165.0,6205.0,8.0,-0.28924955809095376,6170.857142857143
2024-09-24,186.0,259.0,172.0,6023,143.0,6282.0,29.0,1.2409347300563978,6140.714285714285
2024-09-25,154.0,225.0,220.0,6050,169.0,6275.0,51.0,-0.11142948105699046,6115.142857142857
2024-09-26,91.0,199.0,172.0,6090,185.0,6289.0,-13.0,0.223107569721126,6095.571428571428
2024-09-29,81.0,213.0,153.0,5925,177.0,6138.0,-24.0,-2.401017649864845,6049.857142857143
2024-09-30,209.0,285.0,184.0,5967,138.0,6252.0,46.0,1.8572825024437911,6006.571428571428
2024-10-01,184.0,314.0,217.0,6040,137.0,6354.0,80.0,1.6314779270633295,6013.857142857143
2024-10-02,107.0,215.0,230.0,6091,173.0,6306.0,57.0,-0.7554296506137814,6026.571428571428
2024-10-03,101.0,162.0,178.0,6118,193.0,6280.0,-15.0,-0.4123057405645447,6040.142857142857
2024-10-07,99.0,190.0,176.0,5968,153.0,6158.0,23.0,-1.942675159235674,6028.428571428572
2024-10-08,167.0,239.0,166.0,6013,123.0,6252.0,43.0,1.5264696329977179,6017.428571428572
2024-10-09,115.0,216.0,169.0,6047,137.0,6263.0,32.0,0.175943698016634,6034.857142857143
2024-10-10,84.0,158.0,193.0,6075,159.0,6233.0,34.0,-0.4790036723614888,6050.285714285715
2024-10-13,130.0,227.0,192.0,5889,210.0,6116.0,-18.0,-1.8771057275790204,6028.714285714285
2024-10-14,88.0,214.0,160.0,5935,106.0,6149.0,54.0,0.5395683453237377,6006.428571428572
2024-10-15,113.0,208.0,159.0,6013,107.0,6221.0,52.0,1.170922101154659,5991.428571428572
2024-10-16,174.0,285.0,150.0,6036,129.0,6321.0,21.0,1.6074586079408482,6001.142857142857
2024-10-17,104.0,230.0,206.0,6076,160.0,6306.0,46.0,-0.23730422401518902,6010.142857142857
2024-10-20,147.0,276.0,214.0,5918,195.0,6194.0,19.0,-1.776086267047261,5991.714285714285
2024-10-21,108.0,220.0,213.0,5966,154.0,6186.0,59.0,-0.12915724895059544,5976.142857142857
2024-10-22,180.0,280.0,146.0,6043,109.0,6323.0,37.0,2.2146783058519137,5998.142857142857
2024-10-23,134.0,294.0,186.0,6077,138.0,6371.0,48.0,0.7591333227898067,6018.428571428572
2024-10-27,202.0,313.0,158.0,5974,192.0,6287.0,-34.0,-1.318474336838804,6012.857142857143
2024-10-28,110.0,272.0,193.0,6008,156.0,6280.0,37.0,-0.11134086209638738,6008.857142857143
2024-10-29,166.0,277.0,229.0,6106,126.0,6383.0,103.0,1.6401273885350287,6013.142857142857
2024-10-30,136.0,276.0,178.0,6149,160.0,6425.0,18.0,0.6579978066739711,6046.142857142857
2024-10-31,87.0,246.0,173.0,6148,177.0,6394.0,-4.0,-0.4824902723735369,6072.142857142857
2024-11-03,84.0,171.0,157.0,5990,184.0,6161.0,-27.0,-3.6440412887081663,6064.571428571428
2024-11-04,167.0,209.0,157.0,6007,132.0,6216.0,25.0,0.8927122220418804,6054.571428571428
2024-11-05,109.0,245.0,159.0,6045,126.0,6290.0,33.0,1.1904761904761862,6064.714285714285
2024-11-06,156.0,256.0,176.0,6086,137.0,6342.0,39.0,0.8267090620031725,6075.857142857143
2024-11-07,125.0,232.0,192.0,6084,177.0,6316.0,15.0,-0.40996531062755803,6072.714285714285
2024-11-11,118.0,139.0,168.0,5963,145.0,6102.0,23.0,-3.3882203926535737,6046.142857142857
2024-11-12,142.0,235.0,139.0,5975,138.0,6210.0,1.0,1.7699115044247815,6021.428571428572
2024-11-13,148.0,245.0,175.0,5966,151.0,6211.0,24.0,0.016103059581329404,6018.0
2024-11-14,119.0,219.0,210.0,6025,172.0,6244.0,38.0,0.5313154081468374,6020.571428571428
2024-11-17,105.0,210.0,149.0,5816,195.0,6026.0,-46.0,-3.49135169762973,5987.857142857143
2024-11-18,143.0,203.0,163.0,5819,138.0,6022.0,25.0,-0.06637902422834685,5949.714285714285
2024-11-19,119.0,209.0,152.0,5844,146.0,6053.0,6.0,0.5147791431418192,5915.428571428572
2024-11-20,155.0,212.0,181.0,5879,148.0,6091.0,33.0,0.6277878737815934,5903.428571428572
2024-11-21,109.0,214.0,173.0,5850,210.0,6064.0,-37.0,-0.44327696601543787,5885.571428571428
2024-11-24,191.0,283.0,192.0,5664,207.0,5947.0,-15.0,-1.9294195250659674,5842.428571428572
2024-11-25,170.0,297.0,196.0,5715,129.0,6012.0,67.0,1.0929880612073228,5798.142857142857
2024-11-26,152.0,272.0,214.0,5826,112.0,6098.0,102.0,1.4304723885562254,5799.571428571428
2024-11-27,239.0,367.0,224.0,5862,211.0,6229.0,13.0,2.1482453263365064,5805.714285714285
2024-11-28,113.0,280.0,237.0,5963,143.0,6243.0,94.0,0.224755177396041,5822.714285714285
2024-12-01,196.0,306.0,187.0,5986,149.0,6292.0,38.0,0.7848790645522907,5838.0
2024-12-02,236.0,330.0,222.0,6061,115.0,6391.0,107.0,1.573426573426584,5868.142857142857
2024-12-03,81.0,230.0,242.0,6192,107.0,6422.0,135.0,0.48505711156312525,5943.571428571428
2024-12-04,118.0,245.0,160.0,6269,115.0,6514.0,45.0,1.4325755216443525,6022.714285714285
2024-12-05,218.0,283.0,208.0,6310,150.0,6593.0,58.0,1.2127724900214965,6091.857142857143
2024-12-08,132.0,243.0,183.0,6286,172.0,6529.0,11.0,-0.9707265281359012,6152.428571428572
2024-12-09,224.0,315.0,152.0,6268,174.0,6583.0,-22.0,0.8270791851738402,6196.0
2024-12-10,167.0,326.0,213.0,6310,149.0,6636.0,64.0,0.8051040559015732,6242.285714285715
2024-12-11,209.0,353.0,232.0,6402,152.0,6755.0,80.0,1.793248945147674,6291.0
2024-12-12,153.0,253.0,286.0,6481,194.0,6734.0,92.0,-0.31088082901554737,6332.285714285715
2024-12-15,180.0,337.0,219.0,6408,224.0,6745.0,-5.0,0.16335016335016217,6352.142857142857
2024-12-16,133.0,287.0,189.0,6454,149.0,6741.0,40.0,-0.05930318754633346,6372.714285714285
2024-12-17,187.0,310.0,247.0,6506,151.0,6816.0,96.0,1.1125945705384943,6404.142857142857
2024-12-18,168.0,285.0,210.0,6598,134.0,6883.0,76.0,0.9829812206572752,6451.285714285715
2024-12-19,269.0,412.0,204.0,6600,238.0,7012.0,-34.0,1.8741827691413526,6492.714285714285
2024-12-22,100.0,255.0,236.0,6595,268.0,6850.0,-32.0,-2.310325156873927,6520.285714285715
2024-12-23,205.0,294.0,177.0,6548,231.0,6842.0,-54.0,-0.11678832116788218,6529.857142857143
2024-12-24,161.0,304.0,211.0,6622,155.0,6926.0,56.0,1.2277111955568465,6560.428571428572
2024-12-25,57.0,162.0,193.0,6689,107.0,6851.0,86.0,-1.082876118971987,6594.0
2024-12-26,80.0,122.0,152.0,6707,135.0,6829.0,17.0,-0.3211210042329604,6622.714285714285
2024-12-29,107.0,170.0,133.0,6465,216.0,6635.0,-83.0,-2.8408258895885163,6603.714285714285
2024-12-30,99.0,156.0,139.0,6454,177.0,6610.0,-38.0,-0.37678975131876236,6582.857142857143
2025-01-01,25.0,66.0,94.0,6405,144.0,6471.0,-50.0,-2.1028744326777593,6555.714285714285
2025-01-02,35.0,70.0,53.0,6292,170.0,6362.0,-117.0,-1.6844382630196275,6519.142857142857
2025-01-05,43.0,73.0,64.0,5882,185.0,5955.0,-121.0,-6.397359320968254,6413.428571428572
2025-01-06,41.0,60.0,71.0,5769,190.0,5829.0,-119.0,-2.1158690176322437,6282.0
2025-01-07,65.0,83.0,65.0,5703,133.0,5786.0,-68.0,-0.7376908560645101,6138.571428571428
2025-01-08,38.0,80.0,82.0,5605,184.0,5685.0,-102.0,-1.7455928102315887,6015.714285714285
2025-01-09,56.0,82.0,68.0,5507,164.0,5589.0,-96.0,-1.6886543535620024,5880.428571428572
2025-01-12,74.0,103.0,80.0,5092,235.0,5195.0,-155.0,-7.049561638933621,5692.857142857143
2025-01-13,68.0,107.0,102.0,5019,181.0,5126.0,-79.0,-1.3282001924927789,5511.0
2025-01-14,92.0,124.0,93.0,4957,139.0,5081.0,-46.0,-0.877877487319545,5378.857142857143
2025-01-15,113.0,162.0,107.0,4903,164.0,5065.0,-57.0,-0.3148986419996058,5255.142857142857
2025-01-16,106.0,196.0,131.0,4881,159.0,5077.0,-28.0,0.23692003948667661,5137.714285714285
2025-01-19,86.0,152.0,168.0,4628,176.0,4780.0,-8.0,-5.849911364979321,4998.142857142857
2025-01-20,84.0,118.0,136.0,4638,127.0,4756.0,9.0,-0.5020920502092019,4874.0
2025-01-21,59.0,64.0,117.0,4728,54.0,4792.0,63.0,0.7569386038688064,4822.0
2025-01-22,62.0,97.0,52.0,4717,83.0,4814.0,-31.0,0.45909849749583564,4778.857142857143
2025-01-23,91.0,75.0,97.0,4621,174.0,4696.0,-77.0,-2.451184046530952,4730.857142857143
2025-01-26,29.0,51.0,11.0,4241,182.0,4292.0,-171.0,-8.603066439523,4636.285714285715
2025-01-27,33.0,53.0,34.0,4161,127.0,4214.0,-93.0,-1.817334575955265,4533.428571428572
2025-01-28,32.0,49.0,39.0,4096,101.0,4145.0,-62.0,-1.6373991457047987,4457.428571428572
2025-01-29,32.0,50.0,39.0,4036,99.0,4086.0,-60.0,-1.423401688781667,4371.428571428572
2025-01-30,47.0,42.0,47.0,3923,159.0,3965.0,-112.0,-2.961331375428289,4256.428571428572
2025-02-02,20.0,22.0,41.0,3483,168.0,3505.0,-127.0,-11.601513240857509,4080.1428571428573
2025-02-03,23.0,45.0,11.0,3403,102.0,3448.0,-91.0,-1.6262482168330927,3906.1428571428573
2025-02-04,34.0,54.0,29.0,3359,74.0,3413.0,-45.0,-1.0150812064965153,3780.1428571428573
2025-02-05,26.0,36.0,36.0,3290,104.0,3326.0,-68.0,-2.5490770583064704,3655.714285714286
2025-02-06,25.0,32.0,27.0,3181,145.0,3213.0,-118.0,-3.397474443776305,3525.0
2025-02-09,15.0,13.0,23.0,2878,99.0,2891.0,-76.0,-10.02178649237473,3359.5714285714284
2025-02-10,16.0,18.0,15.0,2834,63.0,2852.0,-48.0,-1.3490141819439638,3204.0
2025-02-11,11.0,22.0,12.0,2799,50.0,2821.0,-38.0,-1.0869565217391353,3106.285714285714
2025-02-12,16.0,20.0,20.0,2752,66.0,2772.0,-46.0,-1.7369727047146455,3013.285714285714
2025-02-13,15.0,10.0,23.0,2703,72.0,2713.0,-49.0,-2.128427128427124,2919.5714285714284
2025-02-17,8.0,17.0,14.0,2532,15.0,2549.0,-1.0,-6.044968669369699,2811.285714285714
2025-02-18,18.0,19.0,11.0,2536,9.0,2555.0,2.0,0.23538642604943316,2719.1428571428573
2025-02-19,12.0,17.0,17.0,2528,19.0,2545.0,-2.0,-0.3913894324853229,2669.1428571428573
2025-02-20,13.0,25.0,15.0,2520,32.0,2545.0,-17.0,0.0,2624.285714285714
2025-02-23,7.0,16.0,8.0,2423,35.0,2439.0,-27.0,-4.165029469548132,2570.5714285714284
2025-02-24,20.0,22.0,14.0,2413,24.0,2435.0,-10.0,-0.16400164001639794,2522.1428571428573
2025-02-25,11.0,7.0,7.0,2413,23.0,2420.0,-16.0,-0.6160164271047264,2480.714285714286
2025-02-26,12.0,21.0,1.0,2411,23.0,2432.0,-22.0,0.49586776859504855,2463.4285714285716
2025-02-27,10.0,15.0,17.0,2391,37.0,2406.0,-20.0,-1.0690789473684181,2442.714285714286
2025-03-02,12.0,24.0,4.0,2297,31.0,2321.0,-27.0,-3.5328345802161265,2409.714285714286
2025-03-03,8.0,29.0,18.0,2287,25.0,2316.0,-7.0,-0.21542438604049696,2376.4285714285716
2025-03-04,4.0,25.0,10.0,2272,30.0,2297.0,-20.0,-0.8203799654576849,2354.8571428571427
2025-03-05,5.0,20.0,4.0,2238,40.0,2258.0,-36.0,-1.6978667827601268,2329.8571428571427
2025-03-06,7.0,27.0,6.0,2218,33.0,2245.0,-27.0,-0.5757307351638596,2302.0
2025-03-09,12.0,25.0,15.0,2137,30.0,2162.0,-15.0,-3.697104677060137,2262.8571428571427
2025-03-10,6.0,28.0,8.0,2125,23.0,2153.0,-15.0,-0.4162812210915856,2224.8571428571427
2025-03-11,3.0,11.0,7.0,2116,20.0,2127.0,-13.0,-1.207617278216444,2199.0
2025-03-12,6.0,18.0,2.0,2113,8.0,2131.0,-6.0,0.18805829807240215,2174.1428571428573
2025-03-13,4.0,20.0,9.0,2116,6.0,2136.0,3.0,0.2346316283434957,2151.8571428571427
2025-03-16,1.0,9.0,8.0,2117,5.0,2126.0,3.0,-0.46816479400748623,2134.5714285714284
2025-03-17,5.0,14.0,0.0,2111,8.0,2125.0,-8.0,-0.04703668861711918,2119.285714285714
2025-03-18,19.0,34.0,6.0,2109,8.0,2143.0,-2.0,0.8470588235294008,2115.285714285714
2025-03-19,6.0,22.0,14.0,2119,9.0,2141.0,5.0,-0.09332711152589823,2114.4285714285716
2025-03-20,9.0,20.0,11.0,2124,7.0,2144.0,4.0,0.14012143858010973,2115.5714285714284
2025-03-23,15.0,29.0,9.0,2136,2.0,2165.0,7.0,0.9794776119403048,2118.8571428571427
2025-03-24,7.0,13.0,11.0,2139,7.0,2152.0,4.0,-0.6004618937644368,2122.1428571428573
2025-03-25,12.0,19.0,7.0,2145,6.0,2164.0,1.0,0.5576208178438735,2126.1428571428573
2025-03-26,9.0,21.0,15.0,2159,2.0,2180.0,13.0,0.7393715341959428,2133.0
2025-03-27,1.0,19.0,13.0,2159,2.0,2178.0,11.0,-0.09174311926605228,2140.1428571428573
2025-03-30,9.0,20.0,5.0,2188,2.0,2208.0,3.0,1.377410468319562,2150.0
2025-03-31,9.0,25.0,8.0,2193,5.0,2218.0,3.0,0.45289855072463414,2159.8571428571427
2025-04-01,17.0,36.0,7.0,2191,12.0,2227.0,-5.0,0.4057709648331853,2167.714285714286
2025-04-02,5.0,31.0,16.0,2208,3.0,2239.0,13.0,0.5388414907947947,2177.5714285714284
2025-04-03,12.0,26.0,18.0,2223,8.0,2249.0,10.0,0.44662795891021734,2188.714285714286
2025-04-06,7.0,14.0,7.0,2234,11.0,2248.0,-4.0,-0.04446420631392112,2199.4285714285716
2025-04-07,12.0,22.0,9.0,2237,5.0,2259.0,4.0,0.48932384341637825,2210.5714285714284
2025-04-08,12.0,34.0,12.0,2243,9.0,2277.0,3.0,0.7968127490039834,2218.4285714285716
2025-04-09,6.0,19.0,10.0,2251,5.0,2270.0,5.0,-0.30742204655248573,2226.714285714286
2025-04-10,18.0,25.0,17.0,2265,6.0,2290.0,11.0,0.8810572687224738,2237.285714285714
2025-04-11,8.0,22.0,8.0,2267,9.0,2289.0,-1.0,-0.04366812227074579,2245.714285714286
2025-04-13,5.0,26.0,10.0,2283,3.0,2309.0,7.0,0.8737439930100566,2254.285714285714
2025-04-14,5.0,26.0,9.0,2282,13.0,2308.0,-4.0,-0.04330879168471524,2261.1428571428573
2025-04-15,4.0,19.0,12.0,2286,7.0,2305.0,5.0,-0.12998266897746857,2268.1428571428573
2025-04-16,11.0,30.0,5.0,2291,8.0,2321.0,-3.0,0.694143167028205,2275.0
2025-04-17,7.0,26.0,10.0,2288,14.0,2314.0,-4.0,-0.30159414045669575,2280.285714285714
2025-04-20,4.0,15.0,6.0,2305,4.0,2320.0,2.0,0.2592912705272177,2286.0
2025-04-21,10.0,25.0,5.0,2308,6.0,2333.0,-1.0,0.5603448275862011,2291.8571428571427
2025-04-22,7.0,19.0,14.0,2305,17.0,2324.0,-3.0,-0.385769395627944,2295.0
2025-04-23,3.0,23.0,4.0,2300,11.0,2323.0,-7.0,-0.0430292598967319,2297.5714285714284
2025-04-24,3.0,9.0,7.0,2294,13.0,2303.0,-6.0,-0.860955660783469,2298.714285714286
2025-04-27,9.0,40.0,12.0,2301,4.0,2341.0,8.0,1.6500217108119886,2300.1428571428573
2025-04-28,6.0,26.0,12.0,2307,8.0,2333.0,4.0,-0.34173430158052076,2302.8571428571427
2025-04-29,11.0,25.0,11.0,2304,15.0,2329.0,-4.0,-0.17145306472353683,2302.714285714286
2025-04-30,7.0,34.0,9.0,2309,12.0,2343.0,-3.0,0.6011163589523472,2302.8571428571427
2025-05-01,13.0,32.0,14.0,2306,16.0,2338.0,-2.0,-0.21340162185232714,2303.0
2025-05-04,9.0,31.0,10.0,2335,5.0,2366.0,5.0,1.1976047904191711,2308.0
2025-05-05,15.0,44.0,20.0,2331,17.0,2375.0,3.0,0.3803888419273038,2313.285714285714
2025-05-06,10.0,33.0,16.0,2339,16.0,2372.0,0.0,-0.1263157894736855,2318.714285714286
2025-05-07,10.0,30.0,15.0,2335,10.0,2365.0,5.0,-0.295109612141653,2322.714285714286
2025-05-08,15.0,24.0,16.0,2361,11.0,2385.0,5.0,0.8456659619450413,2330.8571428571427
2025-05-11,15.0,20.0,12.0,2385,3.0,2405.0,9.0,0.8385744234800763,2341.714285714286
2025-05-12,7.0,33.0,14.0,2392,7.0,2425.0,7.0,0.8316008316008316,2354.0
2025-05-13,18.0,29.0,12.0,2394,11.0,2423.0,1.0,-0.08247422680411898,2362.4285714285716
2025-05-14,7.0,30.0,14.0,2394,11.0,2424.0,3.0,0.04127115146512761,2371.4285714285716
2025-05-15,15.0,31.0,14.0,2410,14.0,2441.0,0.0,0.7013201320132056,2381.5714285714284
2025-05-18,13.0,28.0,14.0,2437,9.0,2465.0,5.0,0.9832036050798854,2396.1428571428573
2025-05-19,7.0,27.0,17.0,2457,6.0,2484.0,11.0,0.7707910750507141,2409.8571428571427
2025-05-21,14.0,62.0,13.0,2467,18.0,2529.0,-5.0,1.8115942028985588,2421.5714285714284
2025-05-22,18.0,36.0,17.0,2473,15.0,2509.0,2.0,-0.7908264136022192,2433.1428571428573
2025-05-27,6.0,24.0,7.0,2504,11.0,2528.0,-4.0,0.757273814268622,2448.8571428571427
2025-05-28,12.0,39.0,12.0,2499,14.0,2538.0,-2.0,0.39556962025315556,2463.8571428571427
2025-05-29,13.0,38.0,15.0,2506,11.0,2544.0,4.0,0.23640661938533203,2477.5714285714284
2025-06-01,8.0,24.0,16.0,2528,12.0,2552.0,4.0,0.3144654088050425,2490.5714285714284
2025-06-02,10.0,19.0,5.0,2518,16.0,2537.0,-11.0,-0.5877742946708508,2499.285714285714
2025-06-03,5.0,23.0,11.0,2519,15.0,2542.0,-4.0,0.19708316909736734,2506.714285714286
2025-06-04,4.0,16.0,9.0,2516,16.0,2532.0,-7.0,-0.3933910306844979,2512.8571428571427
2025-06-05,8.0,26.0,5.0,2503,21.0,2529.0,-16.0,-0.11848341232227888,2512.714285714286
2025-06-08,10.0,16.0,15.0,2507,13.0,2523.0,2.0,-0.23724792408066353,2513.8571428571427
2025-06-09,8.0,21.0,14.0,2516,9.0,2537.0,5.0,0.5548949663099378,2515.285714285714
2025-06-10,17.0,28.0,7.0,2511,12.0,2539.0,-5.0,0.07883326763893361,2512.8571428571427
2025-06-17,7.0,24.0,10.0,2523,14.0,2547.0,-4.0,0.3150846790074935,2513.5714285714284
2025-06-19,8.0,19.0,7.0,2501,18.0,2520.0,-11.0,-1.0600706713780883,2511.0
2025-06-22,7.0,13.0,5.0,2508,7.0,2521.0,-2.0,0.03968253968253954,2509.8571428571427
2025-06-23,3.0,15.0,5.0,2495,17.0,2510.0,-12.0,-0.4363347877826218,2508.714285714286
2025-06-24,5.0,20.0,5.0,2489,16.0,2509.0,-11.0,-0.03984063745019473,2506.1428571428573
2025-06-25,6.0,12.0,2.0,2470,24.0,2482.0,-22.0,-1.0761259465922657,2499.5714285714284
2025-06-26,3.0,9.0,7.0,2447,35.0,2456.0,-28.0,-1.0475423045930743,2490.4285714285716
2025-06-29,5.0,17.0,7.0,2413,20.0,2430.0,-13.0,-1.0586319218241047,2474.714285714286
2025-06-30,9.0,22.0,8.0,2407,16.0,2429.0,-8.0,-0.04115226337448874,2461.285714285714
2025-07-01,7.0,14.0,6.0,2391,22.0,2405.0,-16.0,-0.9880609304240395,2444.5714285714284
2025-07-02,8.0,20.0,9.0,2373,38.0,2393.0,-29.0,-0.498960498960499,2427.1428571428573
2025-07-06,4.0,17.0,2.0,2332,8.0,2349.0,-6.0,-1.8386961972419513,2404.714285714286
2025-07-07,3.0,18.0,8.0,2317,20.0,2335.0,-12.0,-0.5959982971477262,2382.8571428571427
2025-07-08,5.0,16.0,8.0,2306,20.0,2322.0,-12.0,-0.5567451820128522,2362.714285714286
2025-07-09,2.0,18.0,0.0,2281,32.0,2299.0,-32.0,-0.9905254091300608,2343.8571428571427
2025-07-10,2.0,12.0,3.0,2252,39.0,2264.0,-36.0,-1.5224010439321423,2321.714285714286
2025-07-13,1.0,13.0,4.0,2204,10.0,2217.0,-6.0,-2.075971731448767,2295.0
2025-07-14,2.0,9.0,1.0,2181,26.0,2190.0,-25.0,-1.2178619756427644,2267.5714285714284
2025-07-15,0.0,8.0,5.0,2171,17.0,2179.0,-12.0,-0.5022831050228271,2244.5714285714284
2025-07-16,1.0,9.0,0.0,2164,11.0,2173.0,-11.0,-0.275355667737498,2222.714285714286
2025-07-17,3.0,16.0,2.0,2153,17.0,2169.0,-15.0,-0.18407731247124248,2200.8571428571427
2025-07-21,4.0,18.0,7.0,2121,16.0,2139.0,-9.0,-1.3831258644536604,2178.0
2025-07-22,5.0,13.0,3.0,2117,16.0,2130.0,-13.0,-0.42075736325385416,2158.714285714286
2025-07-23,6.0,21.0,5.0,2111,14.0,2132.0,-9.0,0.09389671361501595,2145.4285714285716
2025-07-24,6.0,18.0,7.0,2096,29.0,2114.0,-22.0,-0.8442776735459678,2133.285714285714
2025-07-27,1.0,12.0,2.0,2088,4.0,2100.0,-2.0,-0.6622516556291425,2121.4285714285716
2025-07-28,2.0,9.0,3.0,2080,14.0,2089.0,-11.0,-0.5238095238095264,2109.4285714285716
2025-07-29,2.0,8.0,3.0,2072,12.0,2080.0,-9.0,-0.43082814743896636,2097.8571428571427
2025-07-30,4.0,15.0,4.0,2063,16.0,2078.0,-12.0,-0.09615384615384581,2089.5714285714284
2025-07-31,2.0,9.0,6.0,2058,15.0,2067.0,-9.0,-0.5293551491819093,2081.1428571428573
2025-08-03,5.0,26.0,3.0,2049,5.0,2075.0,-2.0,0.38703434929849845,2072.285714285714
2025-08-04,5.0,22.0,11.0,2040,14.0,2062.0,-3.0,-0.6265060240963849,2064.285714285714
2025-08-05,2.0,21.0,10.0,2042,14.0,2063.0,-4.0,0.04849660523762456,2057.714285714286
2025-08-06,4.0,17.0,3.0,2036,13.0,2053.0,-10.0,-0.4847309743092554,2051.4285714285716
2025-08-07,4.0,18.0,6.0,2031,17.0,2049.0,-11.0,-0.1948368241597609,2045.5714285714287
2025-08-10,0.0,18.0,8.0,2006,12.0,2024.0,-4.0,-1.2201073694485087,2037.4285714285713
2025-08-11,6.0,23.0,4.0,1999,16.0,2022.0,-12.0,-0.09881422924901129,2029.0
2025-08-12,8.0,38.0,9.0,1999,9.0,2037.0,0.0,0.7418397626112849,2021.857142857143
2025-08-13,6.0,22.0,12.0,1997,17.0,2019.0,-5.0,-0.8836524300441795,2015.7142857142858
2025-08-14,3.0,27.0,4.0,1994,11.0,2021.0,-7.0,0.0990589400693409,2008.857142857143
2025-08-17,4.0,14.0,2.0,1991,3.0,2005.0,-1.0,-0.7916872835230127,2002.4285714285713
2025-08-18,4.0,20.0,6.0,1985,14.0,2005.0,-8.0,0.0,1995.857142857143
2025-08-19,5.0,35.0,3.0,1980,11.0,2015.0,-8.0,0.4987531172069737,1992.142857142857
2025-08-20,10.0,38.0,10.0,1983,10.0,2021.0,0.0,0.29776674937964653,1989.857142857143
2025-08-21,6.0,49.0,8.0,1972,21.0,2021.0,-13.0,0.0,1986.0
2025-08-24,4.0,21.0,5.0,1981,5.0,2002.0,0.0,-0.9401286491835692,1983.7142857142858
2025-08-25,8.0,30.0,8.0,1980,11.0,2010.0,-3.0,0.3996003996004083,1981.7142857142858
2025-08-26,10.0,21.0,20.0,1989,15.0,2010.0,5.0,0.0,1981.4285714285713
2025-08-27,5.0,19.0,9.0,1988,19.0,2007.0,-10.0,-0.14925373134327957,1981.857142857143
2025-08-28,8.0,33.0,6.0,1984,17.0,2017.0,-11.0,0.49825610363727346,1982.4285714285713
2025-09-01,10.0,29.0,17.0,2010,5.0,2039.0,12.0,1.0907288051561714,1986.2857142857142
2025-09-02,6.0,35.0,9.0,2020,9.0,2055.0,0.0,0.7846983815595898,1993.142857142857
2025-09-03,4.0,29.0,11.0,2019,10.0,2048.0,1.0,-0.3406326034063212,1998.5714285714287
2025-09-04,11.0,40.0,2.0,2015,14.0,2055.0,-12.0,0.341796875,2003.5714285714287
2025-09-07,4.0,19.0,9.0,2026,7.0,2045.0,2.0,-0.48661800486617945,2008.857142857143
2025-09-08,7.0,25.0,5.0,2025,6.0,2050.0,-1.0,0.24449877750611915,2014.142857142857
2025-09-09,18.0,42.0,11.0,2023,14.0,2065.0,-3.0,0.7317073170731714,2019.7142857142858
2025-09-10,10.0,47.0,14.0,2025,18.0,2072.0,-4.0,0.3389830508474523,2021.857142857143
2025-09-11,12.0,38.0,29.0,2047,6.0,2085.0,23.0,0.6274131274131234,2025.7142857142858
2025-09-14,7.0,39.0,13.0,2083,5.0,2122.0,8.0,1.7745803357314127,2034.857142857143
2025-09-15,9.0,47.0,10.0,2086,10.0,2133.0,0.0,0.5183788878416529,2045.0
2025-09-16,7.0,28.0,17.0,2095,12.0,2123.0,5.0,-0.46882325363337696,2054.8571428571427
2025-09-17,7.0,38.0,5.0,2096,13.0,2134.0,-8.0,0.5181347150259086,2065.0
2025-09-18,20.0,52.0,11.0,2096,14.0,2148.0,-3.0,0.6560449859418949,2075.4285714285716
2025-09-21,8.0,35.0,13.0,2134,5.0,2169.0,8.0,0.9776536312849249,2091.0
2025-09-22,17.0,40.0,14.0,2141,10.0,2181.0,4.0,0.5532503457814641,2104.4285714285716
2025-09-23,11.0,36.0,10.0,2145,15.0,2181.0,-5.0,0.0,2113.285714285714
2025-09-24,3.0,38.0,12.0,2138,17.0,2176.0,-5.0,-0.22925263640531934,2120.714285714286
2025-09-25,6.0,35.0,12.0,2132,18.0,2167.0,-6.0,-0.4136029411764719,2126.0
2025-09-28,11.0,29.0,12.0,2146,9.0,2175.0,3.0,0.369173973234882,2133.1428571428573
2025-09-29,8.0,35.0,12.0,2148,13.0,2183.0,-1.0,0.36781609195402076,2140.5714285714284
2025-09-30,8.0,32.0,12.0,2159,7.0,2191.0,5.0,0.3664681630783262,2144.1428571428573
2025-10-01,4.0,33.0,12.0,2163,14.0,2196.0,-2.0,0.22820629849384932,2147.285714285714
2025-10-02,20.0,51.0,15.0,2164,16.0,2215.0,-1.0,0.8652094717668479,2150.0
2025-10-05,8.0,28.0,13.0,2180,16.0,2208.0,-3.0,-0.31602708803611934,2156.0
2025-10-06,5.0,33.0,15.0,2187,10.0,2220.0,5.0,0.5434782608695565,2163.8571428571427
2025-10-07,11.0,45.0,4.0,2189,10.0,2234.0,-6.0,0.6306306306306242,2170.0
2025-10-08,8.0,49.0,15.0,2192,17.0,2241.0,-2.0,0.3133393017009878,2176.285714285714
2025-10-09,11.0,55.0,13.0,2192,12.0,2247.0,1.0,0.2677376171352108,2181.0
2025-10-13,8.0,24.0,7.0,2223,6.0,2247.0,1.0,0.0,2189.5714285714284
2025-10-14,7.0,30.0,16.0,2235,8.0,2265.0,8.0,0.8010680907877266,2199.714285714286
2025-10-15,8.0,29.0,10.0,2225,15.0,2254.0,-5.0,-0.4856512141280356,2206.1428571428573
2025-10-16,9.0,33.0,15.0,2233,9.0,2266.0,6.0,0.5323868677906018,2212.714285714286
2025-10-19,9.0,34.0,17.0,2237,7.0,2271.0,10.0,0.22065313327448433,2219.5714285714284
2025-10-20,10.0,39.0,6.0,2243,7.0,2282.0,-1.0,0.484368119771017,2226.8571428571427
2025-10-21,13.0,39.0,17.0,2251,9.0,2290.0,8.0,0.35056967572304476,2235.285714285714
2025-10-22,12.0,42.0,13.0,2261,12.0,2303.0,1.0,0.5676855895196509,2240.714285714286
2025-10-23,4.0,27.0,26.0,2266,18.0,2293.0,8.0,-0.43421623968736833,2245.1428571428573
2025-10-26,4.0,35.0,12.0,2276,10.0,2311.0,2.0,0.7849978194504947,2252.4285714285716
2025-10-27,2.0,31.0,8.0,2282,11.0,2313.0,-3.0,0.08654262224145892,2259.4285714285716
2025-10-28,6.0,22.0,11.0,2286,6.0,2308.0,5.0,-0.2161694768698652,2266.4285714285716
2025-10-29,6.0,25.0,4.0,2280,17.0,2305.0,-13.0,-0.12998266897746857,2271.714285714286
2025-10-30,3.0,17.0,14.0,2287,12.0,2304.0,2.0,-0.04338394793925726,2276.8571428571427
2025-11-02,5.0,21.0,10.0,2277,7.0,2298.0,3.0,-0.26041666666666297,2279.1428571428573
2025-11-03,3.0,28.0,5.0,2269,12.0,2297.0,-7.0,-0.04351610095735259,2279.5714285714284
2025-11-04,6.0,33.0,6.0,2270,8.0,2303.0,-2.0,0.2612102742707956,2278.714285714286
2025-11-05,8.0,41.0,8.0,2272,7.0,2313.0,1.0,0.43421623968735723,2277.285714285714
2025-11-06,6.0,33.0,9.0,2264,19.0,2297.0,-10.0,-0.6917423259835687,2274.1428571428573
2025-11-09,11.0,33.0,5.0,2294,4.0,2327.0,1.0,1.3060513713539335,2276.1428571428573
2025-11-11,11.0,39.0,12.0,2294,14.0,2333.0,-2.0,0.25784271594326835,2277.1428571428573
2025-11-12,14.0,48.0,20.0,2302,7.0,2350.0,13.0,0.7286755250750065,2280.714285714286
2025-11-13,6.0,26.0,16.0,2317,5.0,2343.0,11.0,-0.29787234042553123,2287.5714285714284
2025-11-16,5.0,22.0,3.0,2340,5.0,2362.0,-2.0,0.8109261630388387,2297.5714285714284
2025-11-17,1.0,35.0,6.0,2343,8.0,2378.0,-2.0,0.6773920406435208,2307.714285714286
2025-11-18,2.0,38.0,8.0,2345,12.0,2383.0,-4.0,0.2102607232968845,2319.285714285714
2025-11-19,7.0,32.0,3.0,2340,10.0,2372.0,-7.0,-0.46160302140159093,2325.8571428571427
2025-11-20,18.0,57.0,8.0,2340,9.0,2397.0,-1.0,1.0539629005059004,2332.4285714285716
2025-11-23,3.0,46.0,22.0,2375,1.0,2421.0,21.0,1.001251564455563,2342.8571428571427
2025-11-24,9.0,40.0,9.0,2371,13.0,2411.0,-4.0,-0.41305245766212195,2350.5714285714284
2025-11-25,6.0,47.0,14.0,2375,11.0,2422.0,3.0,0.45624222314393226,2355.5714285714284
2025-11-27,4.0,24.0,8.0,2389,7.0,2413.0,1.0,-0.37159372419488523,2362.1428571428573
2025-11-30,4.0,18.0,10.0,2415,0.0,2433.0,10.0,0.8288437629506928,2372.1428571428573
2025-12-01,4.0,26.0,4.0,2410,9.0,2436.0,-5.0,0.12330456226881115,2382.1428571428573
2025-12-02,7.0,34.0,6.0,2407,8.0,2441.0,-2.0,0.20525451559934016,2391.714285714286
2025-12-03,4.0,32.0,8.0,2419,7.0,2451.0,1.0,0.4096681687832948,2398.0
2025-12-04,16.0,39.0,7.0,2418,13.0,2457.0,-6.0,0.244798041615657,2404.714285714286
2025-12-07,4.0,24.0,13.0,2429,12.0,2453.0,1.0,-0.16280016280015852,2412.4285714285716
2025-12-08,9.0,27.0,9.0,2440,4.0,2467.0,5.0,0.570729718711771,2419.714285714286
2025-12-09,4.0,30.0,7.0,2443,8.0,2473.0,-1.0,0.2432103769760774,2423.714285714286
2025-12-10,10.0,54.0,5.0,2439,9.0,2493.0,-4.0,0.8087343307723316,2427.8571428571427
2025-12-11,7.0,47.0,9.0,2437,10.0,2484.0,-1.0,-0.3610108303249149,2432.1428571428573
2025-12-14,8.0,35.0,4.0,2462,8.0,2497.0,-4.0,0.523349436392917,2438.285714285714
2025-12-15,11.0,42.0,9.0,2470,7.0,2512.0,2.0,0.6007208650380402,2445.714285714286
2025-12-16,8.0,54.0,15.0,2468,9.0,2522.0,6.0,0.398089171974525,2451.285714285714
2025-12-17,7.0,31.0,11.0,2481,10.0,2512.0,1.0,-0.3965107057890549,2457.1428571428573
2025-12-18,11.0,50.0,6.0,2472,16.0,2522.0,-10.0,0.398089171974525,2461.285714285714
2025-12-21,6.0,18.0,11.0,2484,14.0,2502.0,-3.0,-0.7930214115781098,2467.714285714286
